year,round,market,subject,line,prob,actual
2025,1,h2h,Richmond,,0.3175,1
2025,1,h2h,Carlton,,0.6724166666666667,0
2025,1,total_points,total,160.5,0.46825,0
2025,1,player_disposals,Tim Taranto,15.0,0.9222222222222224,1
2025,1,player_disposals,Tim Taranto,20.0,0.7396593673965937,1
2025,1,player_disposals,Tim Taranto,25.0,0.4363207547169811,1
2025,1,player_goals,Tim Taranto,1.0,0.2568807339449542,0
2025,1,player_marks,Tim Taranto,4.0,0.5357757560855667,0
2025,1,player_marks,Tim Taranto,6.0,0.1299821534800713,0
2025,1,player_tackles,Tim Taranto,5.0,0.519642857142857,0
2025,1,player_disposals,Jacob Hopper,15.0,0.9215938303341902,1
2025,1,player_disposals,Jacob Hopper,20.0,0.7209876543209874,1
2025,1,player_disposals,Jacob Hopper,25.0,0.4064070351758794,0
2025,1,player_goals,Jacob Hopper,1.0,0.2342752962625341,1
2025,1,player_marks,Jacob Hopper,4.0,0.560294117647059,0
2025,1,player_marks,Jacob Hopper,6.0,0.175,0
2025,1,player_tackles,Jacob Hopper,3.0,0.8797595190380761,1
2025,1,player_tackles,Jacob Hopper,5.0,0.2603781786568139,1
2025,1,player_disposals,Daniel Rioli,15.0,0.8986409966024915,1
2025,1,player_disposals,Daniel Rioli,20.0,0.6043587594300083,1
2025,1,player_disposals,Daniel Rioli,25.0,0.2836943441636582,0
2025,1,player_goals,Daniel Rioli,1.0,0.2941590429275156,1
2025,1,player_goals,Daniel Rioli,2.0,0.0506471581316825,1
2025,1,player_marks,Daniel Rioli,4.0,0.6670862177470107,1
2025,1,player_marks,Daniel Rioli,6.0,0.2640664961636828,0
2025,1,player_tackles,Daniel Rioli,3.0,0.5205327413984462,0
2025,1,player_tackles,Daniel Rioli,5.0,0.0626334519572953,0
2025,1,player_disposals,Jayden Short,15.0,0.8310626702997275,1
2025,1,player_disposals,Jayden Short,20.0,0.4995586937334511,0
2025,1,player_disposals,Jayden Short,25.0,0.2135350987810004,0
2025,1,player_goals,Jayden Short,1.0,0.087431693989071,0
2025,1,player_marks,Jayden Short,4.0,0.7389975550122252,1
2025,1,player_marks,Jayden Short,6.0,0.3049114933931688,0
2025,1,player_tackles,Jayden Short,3.0,0.0641025641025641,1
2025,1,player_disposals,Nick Vlastuin,15.0,0.7396593673965937,1
2025,1,player_disposals,Nick Vlastuin,20.0,0.3836553945249599,1
2025,1,player_disposals,Nick Vlastuin,25.0,0.150253807106599,0
2025,1,player_goals,Nick Vlastuin,1.0,0.0767634854771784,0
2025,1,player_marks,Nick Vlastuin,4.0,0.9012658227848102,1
2025,1,player_marks,Nick Vlastuin,6.0,0.560294117647059,1
2025,1,player_tackles,Nick Vlastuin,3.0,0.3282747603833866,0
2025,1,player_disposals,Liam Baker,15.0,0.6948798328108673,1
2025,1,player_disposals,Liam Baker,20.0,0.3187710033605377,1
2025,1,player_disposals,Liam Baker,25.0,0.1047355686138956,0
2025,1,player_goals,Liam Baker,1.0,0.4058823529411764,0
2025,1,player_goals,Liam Baker,2.0,0.1018766756032171,0
2025,1,player_marks,Liam Baker,4.0,0.3260680034873583,0
2025,1,player_marks,Liam Baker,6.0,0.0752212389380531,0
2025,1,player_tackles,Liam Baker,3.0,0.8041958041958043,0
2025,1,player_tackles,Liam Baker,5.0,0.1990291262135922,0
2025,1,player_disposals,Jack Ross,15.0,0.6495238095238095,1
2025,1,player_disposals,Jack Ross,20.0,0.2836943441636582,1
2025,1,player_disposals,Jack Ross,25.0,0.0960735171261487,1
2025,1,player_goals,Jack Ross,1.0,0.2332822868810617,1
2025,1,player_marks,Jack Ross,4.0,0.6372759856630822,1
2025,1,player_marks,Jack Ross,6.0,0.2285223367697594,0
2025,1,player_tackles,Jack Ross,3.0,0.2029537875178656,1
2025,1,player_disposals,Jack Graham,15.0,0.6296791443850265,1
2025,1,player_disposals,Jack Graham,20.0,0.2836943441636582,1
2025,1,player_disposals,Jack Graham,25.0,0.0927927927927927,0
2025,1,player_goals,Jack Graham,1.0,0.2360801781737193,0
2025,1,player_marks,Jack Graham,4.0,0.2763990267639905,0
2025,1,player_tackles,Jack Graham,3.0,0.7960526315789473,1
2025,1,player_tackles,Jack Graham,5.0,0.1737068965517241,1
2025,1,player_disposals,Patrick Cripps,20.0,0.9305555555555556,1
2025,1,player_disposals,Patrick Cripps,25.0,0.7969348659003831,1
2025,1,player_goals,Patrick Cripps,1.0,0.4670704012112036,0
2025,1,player_goals,Patrick Cripps,2.0,0.1661303298471439,0
2025,1,player_marks,Patrick Cripps,4.0,0.5357757560855667,0
2025,1,player_marks,Patrick Cripps,6.0,0.175,0
2025,1,player_tackles,Patrick Cripps,5.0,0.519642857142857,1
2025,1,player_disposals,Sam Walsh,20.0,0.9137466307277629,1
2025,1,player_disposals,Sam Walsh,25.0,0.7209876543209874,1
2025,1,player_goals,Sam Walsh,1.0,0.2460152460152459,1
2025,1,player_marks,Sam Walsh,4.0,0.6670862177470107,0
2025,1,player_marks,Sam Walsh,6.0,0.2640664961636828,0
2025,1,player_tackles,Sam Walsh,5.0,0.7261761158021713,1
2025,1,player_disposals,George Hewett,15.0,0.9644970414201184,1
2025,1,player_disposals,George Hewett,20.0,0.8310626702997275,1
2025,1,player_disposals,George Hewett,25.0,0.5329512893982808,1
2025,1,player_goals,George Hewett,1.0,0.398749022673964,0
2025,1,player_goals,George Hewett,2.0,0.0997067448680351,0
2025,1,player_marks,George Hewett,4.0,0.6670862177470107,0
2025,1,player_marks,George Hewett,6.0,0.2763990267639905,0
2025,1,player_tackles,George Hewett,3.0,0.8797595190380761,1
2025,1,player_tackles,George Hewett,5.0,0.2966404574696212,1
2025,1,player_disposals,Blake Acres,15.0,0.8654761904761905,1
2025,1,player_disposals,Blake Acres,20.0,0.5777414075286416,1
2025,1,player_disposals,Blake Acres,25.0,0.2836943441636582,0
2025,1,player_goals,Blake Acres,1.0,0.5856929955290611,1
2025,1,player_goals,Blake Acres,2.0,0.2342752962625341,0
2025,1,player_marks,Blake Acres,4.0,0.9012658227848102,1
2025,1,player_marks,Blake Acres,6.0,0.6266601082144612,0
2025,1,player_tackles,Blake Acres,3.0,0.2603781786568139,1
2025,1,player_disposals,Adam Cerra,15.0,0.7209876543209874,1
2025,1,player_disposals,Adam Cerra,20.0,0.3515358361774744,1
2025,1,player_disposals,Adam Cerra,25.0,0.1400795404330535,1
2025,1,player_goals,Adam Cerra,1.0,0.2460152460152459,0
2025,1,player_marks,Adam Cerra,4.0,0.3886059834500318,0
2025,1,player_marks,Adam Cerra,6.0,0.1195079086115992,0
2025,1,player_tackles,Adam Cerra,3.0,0.519642857142857,1
2025,1,player_tackles,Adam Cerra,5.0,0.0742987111448066,1
2025,1,player_disposals,Adam Saad,15.0,0.7209876543209874,1
2025,1,player_disposals,Adam Saad,20.0,0.3515358361774744,1
2025,1,player_disposals,Adam Saad,25.0,0.1400795404330535,0
2025,1,player_goals,Adam Saad,1.0,0.1661303298471439,0
2025,1,player_marks,Adam Saad,4.0,0.5357757560855667,0
2025,1,player_marks,Adam Saad,6.0,0.175,0
2025,1,player_tackles,Adam Saad,3.0,0.2073353293413173,0
2025,1,player_disposals,Matthew Kennedy,15.0,0.7396593673965937,1
2025,1,player_disposals,Matthew Kennedy,20.0,0.3836553945249599,1
2025,1,player_disposals,Matthew Kennedy,25.0,0.16821602478973,0
2025,1,player_goals,Matthew Kennedy,1.0,0.4670704012112036,0
2025,1,player_goals,Matthew Kennedy,2.0,0.1661303298471439,0
2025,1,player_marks,Matthew Kennedy,4.0,0.8688524590163934,1
2025,1,player_marks,Matthew Kennedy,6.0,0.5149136577708004,1
2025,1,player_tackles,Matthew Kennedy,3.0,0.6020025031289111,1
2025,1,player_tackles,Matthew Kennedy,5.0,0.0884814667198087,0
2025,1,player_disposals,Cooper Lord,15.0,0.4840478564307078,0
2025,1,player_disposals,Cooper Lord,20.0,0.1788218793828892,0
2025,1,player_disposals,Cooper Lord,25.0,0.0622406639004148,0
2025,1,player_goals,Cooper Lord,1.0,0.2941590429275156,0
2025,1,player_goals,Cooper Lord,2.0,0.0663744520976832,0
2025,1,player_marks,Cooper Lord,4.0,0.6372759856630822,0
2025,1,player_marks,Cooper Lord,6.0,0.2490039840637448,0
2025,1,player_tackles,Cooper Lord,3.0,0.4124775583482944,1
2025,1,h2h,Hawthorn,,0.9040833333333332,1
2025,1,h2h,Essendon,,0.0916666666666666,0
2025,1,total_points,total,165.5,0.4823333333333333,1
2025,1,player_disposals,Jai Newcombe,15.0,0.9694132334581772,1
2025,1,player_disposals,Jai Newcombe,20.0,0.8986409966024915,1
2025,1,player_disposals,Jai Newcombe,25.0,0.6948798328108673,1
2025,1,player_goals,Jai Newcombe,1.0,0.4644464446444644,0
2025,1,player_goals,Jai Newcombe,2.0,0.1288343558282208,0
2025,1,player_marks,Jai Newcombe,4.0,0.7829670329670331,0
2025,1,player_marks,Jai Newcombe,6.0,0.3886059834500318,0
2025,1,player_tackles,Jai Newcombe,3.0,0.7751798561151079,1
2025,1,player_tackles,Jai Newcombe,5.0,0.1458333333333333,0
2025,1,player_disposals,Karl Amon,15.0,0.8310626702997275,1
2025,1,player_disposals,Karl Amon,20.0,0.4995586937334511,1
2025,1,player_disposals,Karl Amon,25.0,0.2135350987810004,1
2025,1,player_goals,Karl Amon,1.0,0.1922723091076356,0
2025,1,player_marks,Karl Amon,4.0,0.7943067033976124,1
2025,1,player_marks,Karl Amon,6.0,0.3886059834500318,1
2025,1,player_tackles,Karl Amon,3.0,0.1458333333333333,0
2025,1,player_disposals,James Sicily,15.0,0.8013698630136986,1
2025,1,player_disposals,James Sicily,20.0,0.4840478564307078,1
2025,1,player_disposals,James Sicily,25.0,0.2135350987810004,0
2025,1,player_goals,James Sicily,1.0,0.4473567303420702,0
2025,1,player_goals,James Sicily,2.0,0.1180795847750864,0
2025,1,player_marks,James Sicily,4.0,0.9012658227848102,1
2025,1,player_marks,James Sicily,6.0,0.7389975550122252,1
2025,1,player_tackles,James Sicily,3.0,0.0626334519572953,0
2025,1,player_disposals,Massimo D'Ambrosio,15.0,0.8986409966024915,0
2025,1,player_disposals,Massimo D'Ambrosio,20.0,0.6495238095238095,0
2025,1,player_disposals,Massimo D'Ambrosio,25.0,0.3353242320819113,0
2025,1,player_goals,Massimo D'Ambrosio,1.0,0.4058823529411764,1
2025,1,player_goals,Massimo D'Ambrosio,2.0,0.1018766756032171,0
2025,1,player_marks,Massimo D'Ambrosio,4.0,0.8704663212435233,0
2025,1,player_marks,Massimo D'Ambrosio,6.0,0.5357757560855667,0
2025,1,player_tackles,Massimo D'Ambrosio,3.0,0.2029537875178656,0
2025,1,player_disposals,Dylan Moore,15.0,0.7209876543209874,1
2025,1,player_disposals,Dylan Moore,20.0,0.3836553945249599,1
2025,1,player_disposals,Dylan Moore,25.0,0.16821602478973,0
2025,1,player_goals,Dylan Moore,1.0,0.7205882352941176,1
2025,1,player_goals,Dylan Moore,2.0,0.3315240083507306,1
2025,1,player_marks,Dylan Moore,4.0,0.8704663212435233,1
2025,1,player_marks,Dylan Moore,6.0,0.4758620689655172,1
2025,1,player_tackles,Dylan Moore,3.0,0.6247582205029011,0
2025,1,player_tackles,Dylan Moore,5.0,0.0884814667198087,0
2025,1,player_disposals,Will Day,15.0,0.4064070351758794,1
2025,1,player_disposals,Will Day,20.0,0.150253807106599,0
2025,1,player_goals,Will Day,1.0,0.2332822868810617,1
2025,1,player_marks,Will Day,4.0,0.2038369304556354,1
2025,1,player_tackles,Will Day,3.0,0.3282747603833866,1
2025,1,player_disposals,Conor Nash,15.0,0.6495238095238095,1
2025,1,player_disposals,Conor Nash,20.0,0.2836943441636582,1
2025,1,player_disposals,Conor Nash,25.0,0.1047355686138956,0
2025,1,player_goals,Conor Nash,1.0,0.1499522445081184,0
2025,1,player_marks,Conor Nash,4.0,0.2640664961636828,1
2025,1,player_tackles,Conor Nash,3.0,0.7472527472527473,1
2025,1,player_tackles,Conor Nash,5.0,0.1458333333333333,1
2025,1,player_disposals,Jarman Impey,15.0,0.7209876543209874,0
2025,1,player_disposals,Jarman Impey,20.0,0.351890756302521,0
2025,1,player_disposals,Jarman Impey,25.0,0.1400795404330535,0
2025,1,player_goals,Jarman Impey,1.0,0.1922723091076356,0
2025,1,player_marks,Jarman Impey,4.0,0.7185430463576158,1
2025,1,player_marks,Jarman Impey,6.0,0.3049114933931688,0
2025,1,player_tackles,Jarman Impey,3.0,0.2029537875178656,1
2025,1,player_disposals,Jack Scrimshaw,15.0,0.7209876543209874,0
2025,1,player_disposals,Jack Scrimshaw,20.0,0.3353242320819113,0
2025,1,player_disposals,Jack Scrimshaw,25.0,0.1400795404330535,0
2025,1,player_goals,Jack Scrimshaw,1.0,0.1180795847750864,0
2025,1,player_marks,Jack Scrimshaw,4.0,0.8704663212435233,0
2025,1,player_marks,Jack Scrimshaw,6.0,0.5149136577708004,0
2025,1,player_tackles,Jack Scrimshaw,3.0,0.0626334519572953,0
2025,1,player_disposals,Nic Martin,15.0,0.9694132334581772,1
2025,1,player_disposals,Nic Martin,20.0,0.8440748440748441,1
2025,1,player_disposals,Nic Martin,25.0,0.6043587594300083,0
2025,1,player_goals,Nic Martin,1.0,0.4473567303420702,0
2025,1,player_goals,Nic Martin,2.0,0.1177446102819237,0
2025,1,player_marks,Nic Martin,4.0,0.9012658227848102,1
2025,1,player_marks,Nic Martin,6.0,0.6372759856630822,1
2025,1,player_tackles,Nic Martin,3.0,0.7202380952380952,1
2025,1,player_tackles,Nic Martin,5.0,0.12972972972973,0
2025,1,player_disposals,Zach Merrett,15.0,0.9555125725338492,1
2025,1,player_disposals,Zach Merrett,20.0,0.7915218902015289,1
2025,1,player_disposals,Zach Merrett,25.0,0.4995586937334511,1
2025,1,player_goals,Zach Merrett,1.0,0.2460152460152459,1
2025,1,player_marks,Zach Merrett,4.0,0.7165775401069518,0
2025,1,player_marks,Zach Merrett,6.0,0.3049114933931688,0
2025,1,player_tackles,Zach Merrett,3.0,0.9481865284974094,1
2025,1,player_tackles,Zach Merrett,5.0,0.3959798994974875,0
2025,1,player_disposals,Andrew McGrath,15.0,0.9093959731543624,1
2025,1,player_disposals,Andrew McGrath,20.0,0.6948798328108673,1
2025,1,player_disposals,Andrew McGrath,25.0,0.3515358361774744,1
2025,1,player_goals,Andrew McGrath,1.0,0.0767634854771784,0
2025,1,player_marks,Andrew McGrath,4.0,0.7389975550122252,1
2025,1,player_marks,Andrew McGrath,6.0,0.3260680034873583,1
2025,1,player_tackles,Andrew McGrath,3.0,0.4613997113997114,1
2025,1,player_tackles,Andrew McGrath,5.0,0.0626334519572953,0
2025,1,player_disposals,Jye Caldwell,15.0,0.8620689655172413,1
2025,1,player_disposals,Jye Caldwell,20.0,0.5329512893982808,1
2025,1,player_disposals,Jye Caldwell,25.0,0.2622432859399684,1
2025,1,player_goals,Jye Caldwell,1.0,0.1922723091076356,1
2025,1,player_marks,Jye Caldwell,4.0,0.6372759856630822,1
2025,1,player_marks,Jye Caldwell,6.0,0.2285223367697594,0
2025,1,player_tackles,Jye Caldwell,5.0,0.6020025031289111,1
2025,1,player_disposals,Archie Roberts,15.0,0.9093959731543624,1
2025,1,player_disposals,Archie Roberts,20.0,0.6948798328108673,0
2025,1,player_disposals,Archie Roberts,25.0,0.3515358361774744,0
2025,1,player_goals,Archie Roberts,1.0,0.1661303298471439,0
2025,1,player_marks,Archie Roberts,4.0,0.7389975550122252,1
2025,1,player_marks,Archie Roberts,6.0,0.3260680034873583,0
2025,1,player_tackles,Archie Roberts,3.0,0.8041958041958043,1
2025,1,player_tackles,Archie Roberts,5.0,0.2029537875178656,0
2025,1,player_disposals,Jordan Ridley,15.0,0.7209876543209874,0
2025,1,player_disposals,Jordan Ridley,20.0,0.3353242320819113,0
2025,1,player_disposals,Jordan Ridley,25.0,0.1400795404330535,0
2025,1,player_goals,Jordan Ridley,1.0,0.0767634854771784,0
2025,1,player_marks,Jordan Ridley,4.0,0.9012658227848102,0
2025,1,player_marks,Jordan Ridley,6.0,0.6266601082144612,0
2025,1,player_tackles,Jordan Ridley,3.0,0.103448275862069,0
2025,1,player_disposals,Sam Durham,15.0,0.7731854838709677,1
2025,1,player_disposals,Sam Durham,20.0,0.4363207547169811,1
2025,1,player_disposals,Sam Durham,25.0,0.1690240452616691,0
2025,1,player_goals,Sam Durham,1.0,0.2332822868810617,0
2025,1,player_marks,Sam Durham,4.0,0.6372759856630822,0
2025,1,player_marks,Sam Durham,6.0,0.230712711241734,0
2025,1,player_tackles,Sam Durham,3.0,0.8135593220338984,1
2025,1,player_tackles,Sam Durham,5.0,0.227027027027027,0
2025,1,h2h,Geelong,,0.7129166666666666,1
2025,1,h2h,Fremantle,,0.279,0
2025,1,total_points,total,175.5,0.4878333333333333,1
2025,1,player_disposals,Max Holmes,15.0,0.7731854838709677,1
2025,1,player_disposals,Max Holmes,20.0,0.4363207547169811,1
2025,1,player_disposals,Max Holmes,25.0,0.16821602478973,0
2025,1,player_goals,Max Holmes,1.0,0.2554744525547445,1
2025,1,player_marks,Max Holmes,4.0,0.7389975550122252,1
2025,1,player_marks,Max Holmes,6.0,0.3250773993808049,0
2025,1,player_tackles,Max Holmes,3.0,0.3627741553052756,1
2025,1,player_disposals,Tom Stewart,15.0,0.8310626702997275,1
2025,1,player_disposals,Tom Stewart,20.0,0.4840478564307078,1
2025,1,player_disposals,Tom Stewart,25.0,0.1987704918032787,0
2025,1,player_goals,Tom Stewart,1.0,0.1888475836431226,0
2025,1,player_marks,Tom Stewart,4.0,0.7943067033976124,1
2025,1,player_marks,Tom Stewart,6.0,0.3886059834500318,1
2025,1,player_tackles,Tom Stewart,3.0,0.5205327413984462,0
2025,1,player_tackles,Tom Stewart,5.0,0.0786948176583492,0
2025,1,player_disposals,Gryan Miers,15.0,0.6043587594300083,0
2025,1,player_disposals,Gryan Miers,20.0,0.2313915857605178,0
2025,1,player_disposals,Gryan Miers,25.0,0.0798502807236431,0
2025,1,player_goals,Gryan Miers,1.0,0.4670704012112036,1
2025,1,player_goals,Gryan Miers,2.0,0.1661303298471439,0
2025,1,player_marks,Gryan Miers,4.0,0.560294117647059,1
2025,1,player_marks,Gryan Miers,6.0,0.175,1
2025,1,player_tackles,Gryan Miers,3.0,0.8797595190380761,1
2025,1,player_tackles,Gryan Miers,5.0,0.2793076317859954,1
2025,1,player_disposals,Patrick Dangerfield,15.0,0.8654761904761905,0
2025,1,player_disposals,Patrick Dangerfield,20.0,0.5397489539748956,0
2025,1,player_disposals,Patrick Dangerfield,25.0,0.2622432859399684,0
2025,1,player_goals,Patrick Dangerfield,1.0,0.4473567303420702,1
2025,1,player_goals,Patrick Dangerfield,2.0,0.1180795847750864,1
2025,1,player_marks,Patrick Dangerfield,4.0,0.5357757560855667,0
2025,1,player_marks,Patrick Dangerfield,6.0,0.1637426900584795,0
2025,1,player_tackles,Patrick Dangerfield,3.0,0.7751798561151079,1
2025,1,player_tackles,Patrick Dangerfield,5.0,0.1737068965517241,0
2025,1,player_disposals,Jack Bowes,15.0,0.7440068493150686,0
2025,1,player_disposals,Jack Bowes,20.0,0.3836553945249599,0
2025,1,player_disposals,Jack Bowes,25.0,0.150253807106599,0
2025,1,player_goals,Jack Bowes,1.0,0.3527575442247658,1
2025,1,player_goals,Jack Bowes,2.0,0.0917225950782997,0
2025,1,player_marks,Jack Bowes,4.0,0.5357757560855667,0
2025,1,player_marks,Jack Bowes,6.0,0.1581027667984189,0
2025,1,player_tackles,Jack Bowes,3.0,0.8823529411764706,1
2025,1,player_tackles,Jack Bowes,5.0,0.3627741553052756,1
2025,1,player_disposals,Zach Guthrie,15.0,0.6948798328108673,1
2025,1,player_disposals,Zach Guthrie,20.0,0.3187710033605377,1
2025,1,player_disposals,Zach Guthrie,25.0,0.1047355686138956,0
2025,1,player_goals,Zach Guthrie,1.0,0.1499522445081184,0
2025,1,player_marks,Zach Guthrie,4.0,0.9012658227848102,1
2025,1,player_marks,Zach Guthrie,6.0,0.5861204013377925,1
2025,1,player_tackles,Zach Guthrie,3.0,0.3627906976744186,0
2025,1,player_disposals,Oliver Dempsey,15.0,0.6296791443850265,1
2025,1,player_disposals,Oliver Dempsey,20.0,0.2836943441636582,0
2025,1,player_disposals,Oliver Dempsey,25.0,0.0960735171261487,0
2025,1,player_goals,Oliver Dempsey,1.0,0.5570400822199383,1
2025,1,player_goals,Oliver Dempsey,2.0,0.1922723091076356,1
2025,1,player_marks,Oliver Dempsey,4.0,0.6888888888888889,1
2025,1,player_marks,Oliver Dempsey,6.0,0.2640664961636828,0
2025,1,player_tackles,Oliver Dempsey,3.0,0.3282747603833866,1
2025,1,player_disposals,Tom Atkins,15.0,0.6043587594300083,0
2025,1,player_disposals,Tom Atkins,20.0,0.2391304347826087,0
2025,1,player_disposals,Tom Atkins,25.0,0.0798502807236431,0
2025,1,player_goals,Tom Atkins,1.0,0.1177446102819237,1
2025,1,player_marks,Tom Atkins,4.0,0.2038369304556354,0
2025,1,player_tackles,Tom Atkins,5.0,0.6247582205029011,1
2025,1,player_disposals,Caleb Serong,15.0,0.9694132334581772,1
2025,1,player_disposals,Caleb Serong,20.0,0.8620689655172413,1
2025,1,player_disposals,Caleb Serong,25.0,0.6139534883720931,1
2025,1,player_goals,Caleb Serong,1.0,0.4670704012112036,0
2025,1,player_goals,Caleb Serong,2.0,0.1499522445081184,0
2025,1,player_marks,Caleb Serong,4.0,0.2763990267639905,0
2025,1,player_tackles,Caleb Serong,5.0,0.519642857142857,0
2025,1,player_disposals,Andrew Brayshaw,20.0,0.9215938303341902,1
2025,1,player_disposals,Andrew Brayshaw,25.0,0.7440068493150686,1
2025,1,player_goals,Andrew Brayshaw,1.0,0.2360801781737193,1
2025,1,player_marks,Andrew Brayshaw,4.0,0.7389975550122252,0
2025,1,player_marks,Andrew Brayshaw,6.0,0.3250773993808049,0
2025,1,player_tackles,Andrew Brayshaw,5.0,0.519642857142857,1
2025,1,player_disposals,Jordan Clark,15.0,0.8654761904761905,1
2025,1,player_disposals,Jordan Clark,20.0,0.6043587594300083,1
2025,1,player_disposals,Jordan Clark,25.0,0.2836943441636582,0
2025,1,player_goals,Jordan Clark,1.0,0.1922723091076356,0
2025,1,player_marks,Jordan Clark,4.0,0.8704663212435233,1
2025,1,player_marks,Jordan Clark,6.0,0.4758620689655172,0
2025,1,player_tackles,Jordan Clark,3.0,0.6719524281466799,0
2025,1,player_tackles,Jordan Clark,5.0,0.1238410596026489,0
2025,1,player_disposals,Luke Ryan,15.0,0.9305555555555556,1
2025,1,player_disposals,Luke Ryan,20.0,0.7440068493150686,0
2025,1,player_disposals,Luke Ryan,25.0,0.4525627044711014,0
2025,1,player_goals,Luke Ryan,1.0,0.1018766756032171,0
2025,1,player_marks,Luke Ryan,6.0,0.7829670329670331,0
2025,1,player_tackles,Luke Ryan,3.0,0.4124775583482944,0
2025,1,player_tackles,Luke Ryan,5.0,0.056436271401395,0
2025,1,player_disposals,Jeremy Sharp,15.0,0.7209876543209874,1
2025,1,player_disposals,Jeremy Sharp,20.0,0.3836553945249599,0
2025,1,player_disposals,Jeremy Sharp,25.0,0.150253807106599,0
2025,1,player_goals,Jeremy Sharp,1.0,0.3315240083507306,0
2025,1,player_goals,Jeremy Sharp,2.0,0.0663744520976832,0
2025,1,player_marks,Jeremy Sharp,4.0,0.8704663212435233,0
2025,1,player_marks,Jeremy Sharp,6.0,0.4758620689655172,0
2025,1,player_tackles,Jeremy Sharp,3.0,0.0884814667198087,1
2025,1,player_disposals,Luke Jackson,15.0,0.4064070351758794,1
2025,1,player_disposals,Luke Jackson,20.0,0.1400795404330535,0
2025,1,player_goals,Luke Jackson,1.0,0.4644464446444644,0
2025,1,player_goals,Luke Jackson,2.0,0.1499522445081184,0
2025,1,player_marks,Luke Jackson,4.0,0.2640664961636828,0
2025,1,player_tackles,Luke Jackson,3.0,0.6020025031289111,1
2025,1,player_tackles,Luke Jackson,5.0,0.0884814667198087,0
2025,1,player_disposals,Heath Chapman,15.0,0.5329512893982808,0
2025,1,player_disposals,Heath Chapman,20.0,0.2135350987810004,0
2025,1,player_disposals,Heath Chapman,25.0,0.0798502807236431,0
2025,1,player_goals,Heath Chapman,1.0,0.1177446102819237,0
2025,1,player_marks,Heath Chapman,4.0,0.8206896551724137,0
2025,1,player_marks,Heath Chapman,6.0,0.4414545454545454,0
2025,1,player_tackles,Heath Chapman,3.0,0.2057912871322041,0
2025,1,h2h,Sydney,,0.3943333333333333,0
2025,1,h2h,Brisbane Lions,,0.5945,1
2025,1,total_points,total,170.5,0.4405833333333333,0
2025,1,player_disposals,Isaac Heeney,15.0,0.7915218902015289,1
2025,1,player_disposals,Isaac Heeney,20.0,0.4363207547169811,1
2025,1,player_disposals,Isaac Heeney,25.0,0.1690240452616691,0
2025,1,player_goals,Isaac Heeney,1.0,0.6682832201745876,1
2025,1,player_goals,Isaac Heeney,2.0,0.3315240083507306,1
2025,1,player_marks,Isaac Heeney,4.0,0.6628621597892889,1
2025,1,player_marks,Isaac Heeney,6.0,0.230712711241734,1
2025,1,player_tackles,Isaac Heeney,3.0,0.7171052631578948,0
2025,1,player_tackles,Isaac Heeney,5.0,0.1238410596026489,0
2025,1,player_disposals,Chad Warner,15.0,0.8986409966024915,1
2025,1,player_disposals,Chad Warner,20.0,0.6043587594300083,1
2025,1,player_disposals,Chad Warner,25.0,0.2836943441636582,0
2025,1,player_goals,Chad Warner,1.0,0.4670704012112036,1
2025,1,player_goals,Chad Warner,2.0,0.1661303298471439,1
2025,1,player_marks,Chad Warner,4.0,0.5357757560855667,1
2025,1,player_marks,Chad Warner,6.0,0.1637426900584795,0
2025,1,player_tackles,Chad Warner,3.0,0.4124775583482944,0
2025,1,player_disposals,Nick Blakey,15.0,0.7396593673965937,1
2025,1,player_disposals,Nick Blakey,20.0,0.3836553945249599,1
2025,1,player_disposals,Nick Blakey,25.0,0.1400795404330535,0
2025,1,player_goals,Nick Blakey,1.0,0.1661303298471439,0
2025,1,player_marks,Nick Blakey,4.0,0.7943067033976124,1
2025,1,player_marks,Nick Blakey,6.0,0.4060822898032201,0
2025,1,player_tackles,Nick Blakey,3.0,0.0712742980561555,0
2025,1,player_disposals,Oliver Florent,15.0,0.7209876543209874,1
2025,1,player_disposals,Oliver Florent,20.0,0.3258196721311475,0
2025,1,player_disposals,Oliver Florent,25.0,0.1304926764314247,0
2025,1,player_goals,Oliver Florent,1.0,0.1985645933014354,0
2025,1,player_marks,Oliver Florent,4.0,0.6857142857142857,0
2025,1,player_marks,Oliver Florent,6.0,0.2640664961636828,0
2025,1,player_tackles,Oliver Florent,3.0,0.1190681622088006,1
2025,1,player_disposals,Jake Lloyd,15.0,0.8654761904761905,1
2025,1,player_disposals,Jake Lloyd,20.0,0.5777414075286416,0
2025,1,player_disposals,Jake Lloyd,25.0,0.2836943441636582,0
2025,1,player_goals,Jake Lloyd,1.0,0.2360801781737193,1
2025,1,player_marks,Jake Lloyd,4.0,0.9012658227848102,1
2025,1,player_marks,Jake Lloyd,6.0,0.6266601082144612,0
2025,1,player_tackles,Jake Lloyd,3.0,0.3627906976744186,0
2025,1,player_disposals,James Rowbottom,15.0,0.6948798328108673,0
2025,1,player_disposals,James Rowbottom,20.0,0.2836943441636582,0
2025,1,player_disposals,James Rowbottom,25.0,0.0960735171261487,0
2025,1,player_goals,James Rowbottom,1.0,0.2460152460152459,0
2025,1,player_marks,James Rowbottom,4.0,0.1685678073510773,0
2025,1,player_tackles,James Rowbottom,5.0,0.6719524281466799,1
2025,1,player_disposals,Justin McInerney,15.0,0.2836943441636582,1
2025,1,player_disposals,Justin McInerney,20.0,0.0723192019950124,1
2025,1,player_goals,Justin McInerney,1.0,0.1661303298471439,0
2025,1,player_marks,Justin McInerney,4.0,0.4667426833903458,1
2025,1,player_marks,Justin McInerney,6.0,0.1299821534800713,0
2025,1,player_tackles,Justin McInerney,3.0,0.0884814667198087,0
2025,1,player_disposals,Matt Roberts,15.0,0.7396593673965937,1
2025,1,player_disposals,Matt Roberts,20.0,0.3836553945249599,0
2025,1,player_disposals,Matt Roberts,25.0,0.1400795404330535,0
2025,1,player_goals,Matt Roberts,1.0,0.1499522445081184,0
2025,1,player_marks,Matt Roberts,4.0,0.7722586691658857,0
2025,1,player_marks,Matt Roberts,6.0,0.3514412416851441,0
2025,1,player_tackles,Matt Roberts,3.0,0.3627906976744186,1
2025,1,player_disposals,Brodie Grundy,15.0,0.4995586937334511,1
2025,1,player_disposals,Brodie Grundy,20.0,0.1788218793828892,0
2025,1,player_disposals,Brodie Grundy,25.0,0.0622406639004148,0
2025,1,player_goals,Brodie Grundy,1.0,0.1177446102819237,0
2025,1,player_marks,Brodie Grundy,4.0,0.175,1
2025,1,player_tackles,Brodie Grundy,3.0,0.7202380952380952,1
2025,1,player_tackles,Brodie Grundy,5.0,0.1238410596026489,0
2025,1,player_disposals,Lachie Neale,20.0,0.9093959731543624,0
2025,1,player_disposals,Lachie Neale,25.0,0.7209876543209874,0
2025,1,player_goals,Lachie Neale,1.0,0.44,0
2025,1,player_goals,Lachie Neale,2.0,0.1177446102819237,0
2025,1,player_marks,Lachie Neale,4.0,0.7943067033976124,0
2025,1,player_marks,Lachie Neale,6.0,0.4414545454545454,0
2025,1,player_tackles,Lachie Neale,3.0,0.6341463414634146,1
2025,1,player_tackles,Lachie Neale,5.0,0.0884814667198087,0
2025,1,player_disposals,Dayne Zorko,15.0,0.9694132334581772,1
2025,1,player_disposals,Dayne Zorko,20.0,0.8620689655172413,1
2025,1,player_disposals,Dayne Zorko,25.0,0.6296791443850265,0
2025,1,player_goals,Dayne Zorko,1.0,0.2342752962625341,1
2025,1,player_marks,Dayne Zorko,4.0,0.9012658227848102,1
2025,1,player_marks,Dayne Zorko,6.0,0.7500000000000001,1
2025,1,player_tackles,Dayne Zorko,3.0,0.5674676524953789,1
2025,1,player_tackles,Dayne Zorko,5.0,0.0742987111448066,0
2025,1,player_disposals,Josh Dunkley,15.0,0.9555125725338492,1
2025,1,player_disposals,Josh Dunkley,20.0,0.7731854838709677,1
2025,1,player_disposals,Josh Dunkley,25.0,0.4840478564307078,1
2025,1,player_goals,Josh Dunkley,1.0,0.2332822868810617,1
2025,1,player_marks,Josh Dunkley,4.0,0.8704663212435233,1
2025,1,player_marks,Josh Dunkley,6.0,0.5357757560855667,0
2025,1,player_tackles,Josh Dunkley,5.0,0.5674676524953789,1
2025,1,player_disposals,Hugh McCluggage,15.0,0.9555125725338492,1
2025,1,player_disposals,Hugh McCluggage,20.0,0.7915218902015289,1
2025,1,player_disposals,Hugh McCluggage,25.0,0.4995586937334511,0
2025,1,player_goals,Hugh McCluggage,1.0,0.4058823529411764,0
2025,1,player_goals,Hugh McCluggage,2.0,0.1177446102819237,0
2025,1,player_marks,Hugh McCluggage,4.0,0.8366013071895425,0
2025,1,player_marks,Hugh McCluggage,6.0,0.5149136577708004,0
2025,1,player_tackles,Hugh McCluggage,3.0,0.8819188191881919,0
2025,1,player_tackles,Hugh McCluggage,5.0,0.3282747603833866,0
2025,1,player_disposals,Will Ashcroft,15.0,0.940677966101695,1
2025,1,player_disposals,Will Ashcroft,20.0,0.7731854838709677,1
2025,1,player_disposals,Will Ashcroft,25.0,0.4840478564307078,0
2025,1,player_goals,Will Ashcroft,1.0,0.2342752962625341,0
2025,1,player_marks,Will Ashcroft,4.0,0.8704663212435233,0
2025,1,player_marks,Will Ashcroft,6.0,0.560294117647059,0
2025,1,player_tackles,Will Ashcroft,3.0,0.519642857142857,1
2025,1,player_tackles,Will Ashcroft,5.0,0.0626334519572953,0
2025,1,player_disposals,Jarrod Berry,15.0,0.76,1
2025,1,player_disposals,Jarrod Berry,20.0,0.4064070351758794,1
2025,1,player_disposals,Jarrod Berry,25.0,0.1690240452616691,1
2025,1,player_goals,Jarrod Berry,1.0,0.2332822868810617,0
2025,1,player_marks,Jarrod Berry,4.0,0.9012658227848102,1
2025,1,player_marks,Jarrod Berry,6.0,0.6628621597892889,1
2025,1,player_tackles,Jarrod Berry,3.0,0.519642857142857,0
2025,1,player_tackles,Jarrod Berry,5.0,0.0626334519572953,0
2025,1,player_disposals,Darcy Wilmot,15.0,0.6948798328108673,1
2025,1,player_disposals,Darcy Wilmot,20.0,0.3187710033605377,1
2025,1,player_disposals,Darcy Wilmot,25.0,0.1304926764314247,1
2025,1,player_goals,Darcy Wilmot,1.0,0.0954907161803713,0
2025,1,player_marks,Darcy Wilmot,4.0,0.7722586691658857,1
2025,1,player_marks,Darcy Wilmot,6.0,0.3941441441441441,0
2025,1,player_tackles,Darcy Wilmot,3.0,0.0742987111448066,1
2025,1,player_disposals,Zac Bailey,15.0,0.4995586937334511,1
2025,1,player_disposals,Zac Bailey,20.0,0.1987704918032787,0
2025,1,player_disposals,Zac Bailey,25.0,0.0723192019950124,0
2025,1,player_goals,Zac Bailey,1.0,0.4670704012112036,1
2025,1,player_goals,Zac Bailey,2.0,0.1661303298471439,1
2025,1,player_marks,Zac Bailey,4.0,0.7185430463576158,0
2025,1,player_marks,Zac Bailey,6.0,0.3260680034873583,0
2025,1,player_tackles,Zac Bailey,3.0,0.1787072243346007,0
2025,1,h2h,Collingwood,,0.7634166666666666,1
2025,1,h2h,Port Adelaide,,0.2280833333333333,0
2025,1,total_points,total,160.5,0.4695833333333333,1
2025,1,player_disposals,Nick Daicos,20.0,0.9093959731543624,1
2025,1,player_disposals,Nick Daicos,25.0,0.7209876543209874,1
2025,1,player_goals,Nick Daicos,1.0,0.5813953488372093,1
2025,1,player_goals,Nick Daicos,2.0,0.2332822868810617,0
2025,1,player_marks,Nick Daicos,4.0,0.3941441441441441,1
2025,1,player_marks,Nick Daicos,6.0,0.077073552425665,1
2025,1,player_tackles,Nick Daicos,3.0,0.8484419263456091,0
2025,1,player_tackles,Nick Daicos,5.0,0.2603781786568139,0
2025,1,player_disposals,Josh Daicos,15.0,0.9555125725338492,1
2025,1,player_disposals,Josh Daicos,20.0,0.7731854838709677,1
2025,1,player_disposals,Josh Daicos,25.0,0.4840478564307078,1
2025,1,player_goals,Josh Daicos,1.0,0.2342752962625341,0
2025,1,player_marks,Josh Daicos,4.0,0.7943067033976124,1
2025,1,player_marks,Josh Daicos,6.0,0.3514412416851441,0
2025,1,player_tackles,Josh Daicos,3.0,0.5674676524953789,1
2025,1,player_tackles,Josh Daicos,5.0,0.0884814667198087,1
2025,1,player_disposals,Scott Pendlebury,15.0,0.8986409966024915,0
2025,1,player_disposals,Scott Pendlebury,20.0,0.6296791443850265,0
2025,1,player_disposals,Scott Pendlebury,25.0,0.2869565217391304,0
2025,1,player_goals,Scott Pendlebury,1.0,0.2941590429275156,0
2025,1,player_goals,Scott Pendlebury,2.0,0.0663744520976832,0
2025,1,player_marks,Scott Pendlebury,4.0,0.3886059834500318,0
2025,1,player_marks,Scott Pendlebury,6.0,0.077073552425665,0
2025,1,player_tackles,Scott Pendlebury,3.0,0.9272727272727272,0
2025,1,player_tackles,Scott Pendlebury,5.0,0.3627741553052756,0
2025,1,player_disposals,Jack Crisp,15.0,0.8440748440748441,1
2025,1,player_disposals,Jack Crisp,20.0,0.4995586937334511,1
2025,1,player_disposals,Jack Crisp,25.0,0.2135350987810004,1
2025,1,player_goals,Jack Crisp,1.0,0.4473567303420702,0
2025,1,player_goals,Jack Crisp,2.0,0.1180795847750864,0
2025,1,player_marks,Jack Crisp,4.0,0.2763990267639905,0
2025,1,player_tackles,Jack Crisp,3.0,0.8797595190380761,1
2025,1,player_tackles,Jack Crisp,5.0,0.3066169617893756,1
2025,1,player_disposals,John Noble,15.0,0.5397489539748956,1
2025,1,player_disposals,John Noble,20.0,0.2135350987810004,0
2025,1,player_disposals,John Noble,25.0,0.0723192019950124,0
2025,1,player_goals,John Noble,1.0,0.1177446102819237,0
2025,1,player_marks,John Noble,4.0,0.5357757560855667,0
2025,1,player_marks,John Noble,6.0,0.1299821534800713,0
2025,1,player_tackles,John Noble,3.0,0.4613997113997114,0
2025,1,player_tackles,John Noble,5.0,0.056436271401395,0
2025,1,player_disposals,Steele Sidebottom,15.0,0.8620689655172413,1
2025,1,player_disposals,Steele Sidebottom,20.0,0.5258620689655172,1
2025,1,player_disposals,Steele Sidebottom,25.0,0.2622432859399684,1
2025,1,player_goals,Steele Sidebottom,1.0,0.3315240083507306,1
2025,1,player_goals,Steele Sidebottom,2.0,0.0767634854771784,0
2025,1,player_marks,Steele Sidebottom,4.0,0.6266601082144612,0
2025,1,player_marks,Steele Sidebottom,6.0,0.1816109422492401,0
2025,1,player_tackles,Steele Sidebottom,3.0,0.8797595190380761,1
2025,1,player_tackles,Steele Sidebottom,5.0,0.3066169617893756,1
2025,1,player_disposals,Patrick Lipinski,15.0,0.4363207547169811,1
2025,1,player_disposals,Patrick Lipinski,20.0,0.1400795404330535,1
2025,1,player_goals,Patrick Lipinski,1.0,0.4473567303420702,1
2025,1,player_goals,Patrick Lipinski,2.0,0.1180795847750864,0
2025,1,player_marks,Patrick Lipinski,4.0,0.3049114933931688,1
2025,1,player_marks,Patrick Lipinski,6.0,0.0618181818181818,1
2025,1,player_tackles,Patrick Lipinski,3.0,0.4613997113997114,0
2025,1,player_tackles,Patrick Lipinski,5.0,0.0626334519572953,0
2025,1,player_disposals,Brayden Maynard,15.0,0.4363207547169811,0
2025,1,player_disposals,Brayden Maynard,20.0,0.150253807106599,0
2025,1,player_goals,Brayden Maynard,1.0,0.1180795847750864,1
2025,1,player_marks,Brayden Maynard,4.0,0.6266601082144612,0
2025,1,player_marks,Brayden Maynard,6.0,0.1816109422492401,0
2025,1,player_tackles,Brayden Maynard,3.0,0.2029537875178656,1
2025,1,player_disposals,Connor Rozee,15.0,0.8620689655172413,1
2025,1,player_disposals,Connor Rozee,20.0,0.5258620689655172,1
2025,1,player_disposals,Connor Rozee,25.0,0.2287414965986394,1
2025,1,player_goals,Connor Rozee,1.0,0.398749022673964,0
2025,1,player_goals,Connor Rozee,2.0,0.0954907161803713,0
2025,1,player_marks,Connor Rozee,4.0,0.5861204013377925,0
2025,1,player_marks,Connor Rozee,6.0,0.2038369304556354,0
2025,1,player_tackles,Connor Rozee,3.0,0.8797595190380761,1
2025,1,player_tackles,Connor Rozee,5.0,0.2603781786568139,0
2025,1,player_disposals,Ollie Wines,15.0,0.9555125725338492,1
2025,1,player_disposals,Ollie Wines,20.0,0.7731854838709677,1
2025,1,player_disposals,Ollie Wines,25.0,0.4840478564307078,1
2025,1,player_goals,Ollie Wines,1.0,0.1661303298471439,0
2025,1,player_marks,Ollie Wines,4.0,0.7389975550122252,0
2025,1,player_marks,Ollie Wines,6.0,0.3250773993808049,0
2025,1,player_tackles,Ollie Wines,3.0,0.8797595190380761,1
2025,1,player_tackles,Ollie Wines,5.0,0.2876106194690265,0
2025,1,player_disposals,Dan Houston,15.0,0.8013698630136986,1
2025,1,player_disposals,Dan Houston,20.0,0.4840478564307078,1
2025,1,player_disposals,Dan Houston,25.0,0.2135350987810004,1
2025,1,player_goals,Dan Houston,1.0,0.1661303298471439,0
2025,1,player_marks,Dan Houston,4.0,0.7500000000000001,0
2025,1,player_marks,Dan Houston,6.0,0.3436078827690753,0
2025,1,player_tackles,Dan Houston,3.0,0.4613997113997114,1
2025,1,player_tackles,Dan Houston,5.0,0.0626334519572953,1
2025,1,player_disposals,Jason Horne-Francis,15.0,0.8310626702997275,1
2025,1,player_disposals,Jason Horne-Francis,20.0,0.4995586937334511,1
2025,1,player_disposals,Jason Horne-Francis,25.0,0.2135350987810004,1
2025,1,player_goals,Jason Horne-Francis,1.0,0.5570400822199383,1
2025,1,player_goals,Jason Horne-Francis,2.0,0.1922723091076356,0
2025,1,player_marks,Jason Horne-Francis,4.0,0.7500000000000001,0
2025,1,player_marks,Jason Horne-Francis,6.0,0.3436078827690753,0
2025,1,player_tackles,Jason Horne-Francis,3.0,0.3282747603833866,0
2025,1,player_disposals,Willem Drew,15.0,0.7209876543209874,1
2025,1,player_disposals,Willem Drew,20.0,0.351890756302521,0
2025,1,player_disposals,Willem Drew,25.0,0.1400795404330535,0
2025,1,player_goals,Willem Drew,1.0,0.1177446102819237,0
2025,1,player_marks,Willem Drew,4.0,0.4758620689655172,0
2025,1,player_marks,Willem Drew,6.0,0.1299821534800713,0
2025,1,player_tackles,Willem Drew,3.0,0.9272727272727272,1
2025,1,player_tackles,Willem Drew,5.0,0.3361970217640321,1
2025,1,player_disposals,Kane Farrell,15.0,0.5178571428571429,1
2025,1,player_disposals,Kane Farrell,20.0,0.2048872180451127,1
2025,1,player_disposals,Kane Farrell,25.0,0.0723192019950124,0
2025,1,player_goals,Kane Farrell,1.0,0.1180795847750864,0
2025,1,player_marks,Kane Farrell,4.0,0.5861204013377925,1
2025,1,player_marks,Kane Farrell,6.0,0.2038369304556354,1
2025,1,player_tackles,Kane Farrell,3.0,0.2603781786568139,1
2025,1,player_disposals,Travis Boak,15.0,0.8620689655172413,1
2025,1,player_disposals,Travis Boak,20.0,0.5329512893982808,1
2025,1,player_disposals,Travis Boak,25.0,0.2622432859399684,1
2025,1,player_goals,Travis Boak,1.0,0.2460152460152459,1
2025,1,player_marks,Travis Boak,4.0,0.7722586691658857,1
2025,1,player_marks,Travis Boak,6.0,0.3653250773993808,1
2025,1,player_tackles,Travis Boak,3.0,0.4124775583482944,1
2025,1,player_tackles,Travis Boak,5.0,0.056436271401395,1
2025,1,player_disposals,Jase Burgoyne,15.0,0.7969348659003831,1
2025,1,player_disposals,Jase Burgoyne,20.0,0.4840478564307078,0
2025,1,player_disposals,Jase Burgoyne,25.0,0.1788218793828892,0
2025,1,player_goals,Jase Burgoyne,1.0,0.3315240083507306,0
2025,1,player_goals,Jase Burgoyne,2.0,0.0767634854771784,0
2025,1,player_marks,Jase Burgoyne,4.0,0.8704663212435233,0
2025,1,player_marks,Jase Burgoyne,6.0,0.5357757560855667,0
2025,1,player_tackles,Jase Burgoyne,3.0,0.6247582205029011,0
2025,1,player_tackles,Jase Burgoyne,5.0,0.0884814667198087,0
2025,1,player_disposals,Ryan Burton,15.0,0.7209876543209874,0
2025,1,player_disposals,Ryan Burton,20.0,0.3353242320819113,0
2025,1,player_disposals,Ryan Burton,25.0,0.1304926764314247,0
2025,1,player_goals,Ryan Burton,1.0,0.2554744525547445,0
2025,1,player_marks,Ryan Burton,4.0,0.7722586691658857,0
2025,1,player_marks,Ryan Burton,6.0,0.3436078827690753,0
2025,1,player_tackles,Ryan Burton,3.0,0.1238410596026489,0
2025,1,h2h,Western Bulldogs,,0.9035833333333332,1
2025,1,h2h,North Melbourne,,0.0925,0
2025,1,total_points,total,185.5,0.4949166666666666,1
2025,1,player_disposals,Bailey Dale,15.0,0.8986409966024915,1
2025,1,player_disposals,Bailey Dale,20.0,0.6296791443850265,1
2025,1,player_disposals,Bailey Dale,25.0,0.3187710033605377,1
2025,1,player_goals,Bailey Dale,1.0,0.3690337601862631,1
2025,1,player_goals,Bailey Dale,2.0,0.0937612693833393,1
2025,1,player_marks,Bailey Dale,4.0,0.7389975550122252,0
2025,1,player_marks,Bailey Dale,6.0,0.3049114933931688,0
2025,1,player_tackles,Bailey Dale,3.0,0.12972972972973,0
2025,1,player_disposals,Tom Liberatore,15.0,0.9555125725338492,1
2025,1,player_disposals,Tom Liberatore,20.0,0.7915218902015289,1
2025,1,player_disposals,Tom Liberatore,25.0,0.4995586937334511,1
2025,1,player_goals,Tom Liberatore,1.0,0.404040404040404,0
2025,1,player_goals,Tom Liberatore,2.0,0.0997067448680351,0
2025,1,player_marks,Tom Liberatore,4.0,0.3436078827690753,0
2025,1,player_marks,Tom Liberatore,6.0,0.0769230769230769,0
2025,1,player_tackles,Tom Liberatore,5.0,0.6020025031289111,1
2025,1,player_disposals,Ed Richards,15.0,0.8013698630136986,1
2025,1,player_disposals,Ed Richards,20.0,0.4840478564307078,1
2025,1,player_disposals,Ed Richards,25.0,0.2135350987810004,1
2025,1,player_goals,Ed Richards,1.0,0.7205882352941176,1
2025,1,player_goals,Ed Richards,2.0,0.3315240083507306,0
2025,1,player_marks,Ed Richards,4.0,0.5973534971644613,0
2025,1,player_marks,Ed Richards,6.0,0.2038369304556354,0
2025,1,player_tackles,Ed Richards,3.0,0.7202380952380952,0
2025,1,player_tackles,Ed Richards,5.0,0.12972972972973,0
2025,1,player_disposals,Bailey Williams,15.0,0.6948798328108673,0
2025,1,player_disposals,Bailey Williams,20.0,0.3187710033605377,0
2025,1,player_disposals,Bailey Williams,25.0,0.1304926764314247,0
2025,1,player_goals,Bailey Williams,1.0,0.6534954407294831,0
2025,1,player_goals,Bailey Williams,2.0,0.2702702702702701,0
2025,1,player_marks,Bailey Williams,4.0,0.7943067033976124,1
2025,1,player_marks,Bailey Williams,6.0,0.3886059834500318,1
2025,1,player_tackles,Bailey Williams,3.0,0.2793076317859954,0
2025,1,player_disposals,Lachlan Bramble,15.0,0.7044534412955465,1
2025,1,player_disposals,Lachlan Bramble,20.0,0.3258196721311475,1
2025,1,player_disposals,Lachlan Bramble,25.0,0.133214920071048,0
2025,1,player_goals,Lachlan Bramble,1.0,0.1922723091076356,0
2025,1,player_marks,Lachlan Bramble,4.0,0.5357757560855667,1
2025,1,player_marks,Lachlan Bramble,6.0,0.175,0
2025,1,player_tackles,Lachlan Bramble,3.0,0.1238410596026489,0
2025,1,player_disposals,Jack Macrae,15.0,0.3836553945249599,1
2025,1,player_disposals,Jack Macrae,20.0,0.1304926764314247,1
2025,1,player_goals,Jack Macrae,1.0,0.2941590429275156,0
2025,1,player_goals,Jack Macrae,2.0,0.0506471581316825,0
2025,1,player_marks,Jack Macrae,4.0,0.175,0
2025,1,player_tackles,Jack Macrae,3.0,0.3627741553052756,1
2025,1,player_disposals,Ryley Sanders,15.0,0.6296791443850265,1
2025,1,player_disposals,Ryley Sanders,20.0,0.2836943441636582,0
2025,1,player_disposals,Ryley Sanders,25.0,0.0960735171261487,0
2025,1,player_goals,Ryley Sanders,1.0,0.2342752962625341,1
2025,1,player_marks,Ryley Sanders,4.0,0.2763990267639905,0
2025,1,player_tackles,Ryley Sanders,3.0,0.8797595190380761,1
2025,1,player_tackles,Ryley Sanders,5.0,0.2793076317859954,0
2025,1,player_disposals,Harry Sheezel,15.0,0.9694132334581772,1
2025,1,player_disposals,Harry Sheezel,20.0,0.8654761904761905,1
2025,1,player_disposals,Harry Sheezel,25.0,0.6495238095238095,1
2025,1,player_goals,Harry Sheezel,1.0,0.4473567303420702,0
2025,1,player_goals,Harry Sheezel,2.0,0.1177446102819237,0
2025,1,player_marks,Harry Sheezel,4.0,0.7389975550122252,1
2025,1,player_marks,Harry Sheezel,6.0,0.3049114933931688,1
2025,1,player_tackles,Harry Sheezel,3.0,0.8484419263456091,1
2025,1,player_tackles,Harry Sheezel,5.0,0.2603781786568139,0
2025,1,player_disposals,Luke Davies-Uniacke,15.0,0.9694132334581772,1
2025,1,player_disposals,Luke Davies-Uniacke,20.0,0.8654761904761905,1
2025,1,player_disposals,Luke Davies-Uniacke,25.0,0.6296791443850265,0
2025,1,player_goals,Luke Davies-Uniacke,1.0,0.2941590429275156,1
2025,1,player_goals,Luke Davies-Uniacke,2.0,0.0506471581316825,1
2025,1,player_marks,Luke Davies-Uniacke,4.0,0.6372759856630822,1
2025,1,player_marks,Luke Davies-Uniacke,6.0,0.2285223367697594,0
2025,1,player_tackles,Luke Davies-Uniacke,3.0,0.8797595190380761,0
2025,1,player_tackles,Luke Davies-Uniacke,5.0,0.3066169617893756,0
2025,1,player_disposals,Colby McKercher,15.0,0.9644970414201184,1
2025,1,player_disposals,Colby McKercher,20.0,0.8310626702997275,0
2025,1,player_disposals,Colby McKercher,25.0,0.5329512893982808,0
2025,1,player_goals,Colby McKercher,1.0,0.0954907161803713,0
2025,1,player_marks,Colby McKercher,4.0,0.7389975550122252,0
2025,1,player_marks,Colby McKercher,6.0,0.3049114933931688,0
2025,1,player_tackles,Colby McKercher,3.0,0.4613997113997114,1
2025,1,player_tackles,Colby McKercher,5.0,0.056436271401395,1
2025,1,player_disposals,Jy Simpkin,15.0,0.8620689655172413,1
2025,1,player_disposals,Jy Simpkin,20.0,0.5258620689655172,1
2025,1,player_disposals,Jy Simpkin,25.0,0.2313915857605178,1
2025,1,player_goals,Jy Simpkin,1.0,0.4473567303420702,1
2025,1,player_goals,Jy Simpkin,2.0,0.1180795847750864,0
2025,1,player_marks,Jy Simpkin,4.0,0.4188790560471976,1
2025,1,player_marks,Jy Simpkin,6.0,0.1195079086115992,0
2025,1,player_tackles,Jy Simpkin,3.0,0.6719524281466799,1
2025,1,player_tackles,Jy Simpkin,5.0,0.1238410596026489,1
2025,1,player_disposals,Bailey Scott,15.0,0.7731854838709677,1
2025,1,player_disposals,Bailey Scott,20.0,0.4064070351758794,0
2025,1,player_disposals,Bailey Scott,25.0,0.16821602478973,0
2025,1,player_goals,Bailey Scott,1.0,0.2342752962625341,1
2025,1,player_marks,Bailey Scott,4.0,0.6628621597892889,0
2025,1,player_marks,Bailey Scott,6.0,0.230712711241734,0
2025,1,player_tackles,Bailey Scott,3.0,0.4124775583482944,1
2025,1,player_tackles,Bailey Scott,5.0,0.056436271401395,1
2025,1,player_disposals,Tom Powell,15.0,0.7209876543209874,1
2025,1,player_disposals,Tom Powell,20.0,0.3353242320819113,1
2025,1,player_disposals,Tom Powell,25.0,0.1400795404330535,1
2025,1,player_goals,Tom Powell,1.0,0.2332822868810617,0
2025,1,player_marks,Tom Powell,4.0,0.5357757560855667,1
2025,1,player_marks,Tom Powell,6.0,0.1685678073510773,1
2025,1,player_tackles,Tom Powell,3.0,0.8484419263456091,1
2025,1,player_tackles,Tom Powell,5.0,0.2603781786568139,1
2025,1,player_disposals,Tristan Xerri,15.0,0.7209876543209874,1
2025,1,player_disposals,Tristan Xerri,20.0,0.351890756302521,0
2025,1,player_disposals,Tristan Xerri,25.0,0.1400795404330535,0
2025,1,player_goals,Tristan Xerri,1.0,0.2460152460152459,0
2025,1,player_marks,Tristan Xerri,4.0,0.4246196403872752,1
2025,1,player_marks,Tristan Xerri,6.0,0.1195079086115992,0
2025,1,player_tackles,Tristan Xerri,5.0,0.8041958041958043,1
2025,1,player_disposals,Darcy Tucker,15.0,0.6296791443850265,0
2025,1,player_disposals,Darcy Tucker,20.0,0.2622432859399684,0
2025,1,player_disposals,Darcy Tucker,25.0,0.0960735171261487,0
2025,1,player_goals,Darcy Tucker,1.0,0.1177446102819237,0
2025,1,player_marks,Darcy Tucker,4.0,0.560294117647059,0
2025,1,player_marks,Darcy Tucker,6.0,0.175,0
2025,1,player_tackles,Darcy Tucker,3.0,0.519642857142857,0
2025,1,player_tackles,Darcy Tucker,5.0,0.0742987111448066,0
2025,1,h2h,Adelaide,,0.76925,1
2025,1,h2h,St Kilda,,0.22375,0
2025,1,total_points,total,165.5,0.4689166666666666,1
2025,1,player_disposals,Matt Crouch,20.0,0.9065420560747663,1
2025,1,player_disposals,Matt Crouch,25.0,0.7209876543209874,1
2025,1,player_goals,Matt Crouch,1.0,0.1578073089700996,1
2025,1,player_marks,Matt Crouch,4.0,0.6266601082144612,0
2025,1,player_marks,Matt Crouch,6.0,0.2285223367697594,0
2025,1,player_tackles,Matt Crouch,3.0,0.9481865284974094,1
2025,1,player_tackles,Matt Crouch,5.0,0.4124775583482944,0
2025,1,player_disposals,Rory Laird,20.0,0.9137466307277629,1
2025,1,player_disposals,Rory Laird,25.0,0.7440068493150686,1
2025,1,player_goals,Rory Laird,1.0,0.1578073089700996,0
2025,1,player_marks,Rory Laird,4.0,0.7500000000000001,1
2025,1,player_marks,Rory Laird,6.0,0.3260680034873583,1
2025,1,player_tackles,Rory Laird,5.0,0.4791288566243194,0
2025,1,player_disposals,Jordan Dawson,15.0,0.9555125725338492,1
2025,1,player_disposals,Jordan Dawson,20.0,0.7731854838709677,1
2025,1,player_disposals,Jordan Dawson,25.0,0.4840478564307078,1
2025,1,player_goals,Jordan Dawson,1.0,0.3315240083507306,1
2025,1,player_goals,Jordan Dawson,2.0,0.0767634854771784,1
2025,1,player_marks,Jordan Dawson,4.0,0.7943067033976124,1
2025,1,player_marks,Jordan Dawson,6.0,0.3941441441441441,1
2025,1,player_tackles,Jordan Dawson,5.0,0.6247582205029011,0
2025,1,player_disposals,Mitchell Hinge,15.0,0.7915218902015289,1
2025,1,player_disposals,Mitchell Hinge,20.0,0.4525627044711014,0
2025,1,player_disposals,Mitchell Hinge,25.0,0.1987704918032787,0
2025,1,player_goals,Mitchell Hinge,1.0,0.2332822868810617,0
2025,1,player_marks,Mitchell Hinge,4.0,0.7389975550122252,1
2025,1,player_marks,Mitchell Hinge,6.0,0.3049114933931688,1
2025,1,player_tackles,Mitchell Hinge,3.0,0.3066169617893756,1
2025,1,player_disposals,Jake Soligo,15.0,0.8654761904761905,1
2025,1,player_disposals,Jake Soligo,20.0,0.5777414075286416,1
2025,1,player_disposals,Jake Soligo,25.0,0.2836943441636582,1
2025,1,player_goals,Jake Soligo,1.0,0.2360801781737193,1
2025,1,player_marks,Jake Soligo,4.0,0.5357757560855667,0
2025,1,player_marks,Jake Soligo,6.0,0.1299821534800713,0
2025,1,player_tackles,Jake Soligo,3.0,0.6719524281466799,1
2025,1,player_tackles,Jake Soligo,5.0,0.1238410596026489,1
2025,1,player_disposals,Lachlan Sholl,15.0,0.8310626702997275,1
2025,1,player_disposals,Lachlan Sholl,20.0,0.4995586937334511,1
2025,1,player_disposals,Lachlan Sholl,25.0,0.2135350987810004,0
2025,1,player_goals,Lachlan Sholl,1.0,0.3814935064935065,0
2025,1,player_goals,Lachlan Sholl,2.0,0.0937612693833393,0
2025,1,player_marks,Lachlan Sholl,4.0,0.7943067033976124,1
2025,1,player_marks,Lachlan Sholl,6.0,0.3886059834500318,0
2025,1,player_tackles,Lachlan Sholl,3.0,0.2603781786568139,0
2025,1,player_disposals,Izak Rankine,15.0,0.4414976599063963,1
2025,1,player_disposals,Izak Rankine,20.0,0.16821602478973,1
2025,1,player_goals,Izak Rankine,1.0,0.8056013179571664,1
2025,1,player_goals,Izak Rankine,2.0,0.4670704012112036,1
2025,1,player_marks,Izak Rankine,4.0,0.3886059834500318,0
2025,1,player_marks,Izak Rankine,6.0,0.077073552425665,0
2025,1,player_tackles,Izak Rankine,3.0,0.3627906976744186,1
2025,1,player_disposals,Josh Worrell,15.0,0.5258620689655172,1
2025,1,player_disposals,Josh Worrell,20.0,0.2135350987810004,1
2025,1,player_disposals,Josh Worrell,25.0,0.0723192019950124,1
2025,1,player_goals,Josh Worrell,1.0,0.0937612693833393,0
2025,1,player_marks,Josh Worrell,4.0,0.6670862177470107,1
2025,1,player_marks,Josh Worrell,6.0,0.2640664961636828,1
2025,1,player_tackles,Josh Worrell,3.0,0.0884814667198087,1
2025,1,player_disposals,Jack Sinclair,15.0,0.9694132334581772,1
2025,1,player_disposals,Jack Sinclair,20.0,0.8986409966024915,1
2025,1,player_disposals,Jack Sinclair,25.0,0.6495238095238095,0
2025,1,player_goals,Jack Sinclair,1.0,0.1661303298471439,0
2025,1,player_marks,Jack Sinclair,4.0,0.8366013071895425,1
2025,1,player_marks,Jack Sinclair,6.0,0.4712643678160919,1
2025,1,player_tackles,Jack Sinclair,3.0,0.8041958041958043,0
2025,1,player_tackles,Jack Sinclair,5.0,0.2029537875178656,0
2025,1,player_disposals,Nasiah Wanganeen-Milera,15.0,0.9555125725338492,1
2025,1,player_disposals,Nasiah Wanganeen-Milera,20.0,0.7915218902015289,1
2025,1,player_disposals,Nasiah Wanganeen-Milera,25.0,0.4995586937334511,1
2025,1,player_goals,Nasiah Wanganeen-Milera,1.0,0.1180795847750864,1
2025,1,player_marks,Nasiah Wanganeen-Milera,4.0,0.9012658227848102,1
2025,1,player_marks,Nasiah Wanganeen-Milera,6.0,0.5861204013377925,1
2025,1,player_tackles,Nasiah Wanganeen-Milera,3.0,0.3627741553052756,1
2025,1,player_disposals,Jack Steele,15.0,0.9305555555555556,1
2025,1,player_disposals,Jack Steele,20.0,0.7440068493150686,0
2025,1,player_disposals,Jack Steele,25.0,0.4525627044711014,0
2025,1,player_goals,Jack Steele,1.0,0.3315240083507306,0
2025,1,player_goals,Jack Steele,2.0,0.0663744520976832,0
2025,1,player_marks,Jack Steele,4.0,0.88,0
2025,1,player_marks,Jack Steele,6.0,0.5357757560855667,0
2025,1,player_tackles,Jack Steele,5.0,0.8484419263456091,1
2025,1,player_disposals,Rowan Marshall,15.0,0.7731854838709677,0
2025,1,player_disposals,Rowan Marshall,20.0,0.4064070351758794,0
2025,1,player_disposals,Rowan Marshall,25.0,0.1690240452616691,0
2025,1,player_goals,Rowan Marshall,1.0,0.5816513761467891,0
2025,1,player_goals,Rowan Marshall,2.0,0.2332822868810617,0
2025,1,player_marks,Rowan Marshall,4.0,0.7722586691658857,1
2025,1,player_marks,Rowan Marshall,6.0,0.3886059834500318,0
2025,1,player_tackles,Rowan Marshall,3.0,0.8041958041958043,1
2025,1,player_tackles,Rowan Marshall,5.0,0.2029537875178656,0
2025,1,player_disposals,Bradley Hill,15.0,0.5471698113207548,0
2025,1,player_disposals,Bradley Hill,20.0,0.2287414965986394,0
2025,1,player_disposals,Bradley Hill,25.0,0.0798502807236431,0
2025,1,player_goals,Bradley Hill,1.0,0.1985645933014354,1
2025,1,player_marks,Bradley Hill,4.0,0.7185430463576158,0
2025,1,player_marks,Bradley Hill,6.0,0.3049114933931688,0
2025,1,player_tackles,Bradley Hill,3.0,0.1458333333333333,0
2025,1,player_disposals,Hunter Clark,15.0,0.6948798328108673,0
2025,1,player_disposals,Hunter Clark,20.0,0.3187710033605377,0
2025,1,player_disposals,Hunter Clark,25.0,0.1047355686138956,0
2025,1,player_goals,Hunter Clark,1.0,0.1180795847750864,0
2025,1,player_marks,Hunter Clark,4.0,0.3886059834500318,0
2025,1,player_marks,Hunter Clark,6.0,0.1008771929824561,0
2025,1,player_tackles,Hunter Clark,3.0,0.7261761158021713,0
2025,1,player_tackles,Hunter Clark,5.0,0.1458333333333333,0
2025,1,player_disposals,Mason Wood,15.0,0.6948798328108673,1
2025,1,player_disposals,Mason Wood,20.0,0.3187710033605377,0
2025,1,player_disposals,Mason Wood,25.0,0.1304926764314247,0
2025,1,player_goals,Mason Wood,1.0,0.5213414634146343,1
2025,1,player_goals,Mason Wood,2.0,0.1888475836431226,1
2025,1,player_marks,Mason Wood,4.0,0.9012658227848102,1
2025,1,player_marks,Mason Wood,6.0,0.6266601082144612,1
2025,1,player_tackles,Mason Wood,3.0,0.2073353293413173,0
2025,1,player_disposals,Marcus Windhager,15.0,0.5329512893982808,1
2025,1,player_disposals,Marcus Windhager,20.0,0.2135350987810004,0
2025,1,player_disposals,Marcus Windhager,25.0,0.0723192019950124,0
2025,1,player_goals,Marcus Windhager,1.0,0.0917225950782997,0
2025,1,player_marks,Marcus Windhager,4.0,0.3514412416851441,0
2025,1,player_marks,Marcus Windhager,6.0,0.077073552425665,0
2025,1,player_tackles,Marcus Windhager,3.0,0.8823529411764706,1
2025,1,player_tackles,Marcus Windhager,5.0,0.3361970217640321,0
2025,1,player_disposals,Josh Battle,15.0,0.6495238095238095,1
2025,1,player_disposals,Josh Battle,20.0,0.2836943441636582,0
2025,1,player_disposals,Josh Battle,25.0,0.1047355686138956,0
2025,1,player_goals,Josh Battle,1.0,0.1499522445081184,0
2025,1,player_marks,Josh Battle,4.0,0.9012658227848102,1
2025,1,player_marks,Josh Battle,6.0,0.6266601082144612,1
2025,1,player_tackles,Josh Battle,3.0,0.1737068965517241,1
2025,1,h2h,Melbourne,,0.4791666666666667,0
2025,1,h2h,Greater Western Sydney,,0.51175,1
2025,1,total_points,total,175.5,0.4915,0
2025,1,player_disposals,Christian Petracca,15.0,0.8440748440748441,1
2025,1,player_disposals,Christian Petracca,20.0,0.4995586937334511,1
2025,1,player_disposals,Christian Petracca,25.0,0.2135350987810004,1
2025,1,player_goals,Christian Petracca,1.0,0.5856929955290611,1
2025,1,player_goals,Christian Petracca,2.0,0.2460152460152459,1
2025,1,player_marks,Christian Petracca,4.0,0.4667426833903458,0
2025,1,player_marks,Christian Petracca,6.0,0.1195079086115992,0
2025,1,player_tackles,Christian Petracca,3.0,0.4124775583482944,1
2025,1,player_disposals,Clayton Oliver,15.0,0.9065420560747663,1
2025,1,player_disposals,Clayton Oliver,20.0,0.6296791443850265,1
2025,1,player_disposals,Clayton Oliver,25.0,0.2869565217391304,1
2025,1,player_goals,Clayton Oliver,1.0,0.2332822868810617,0
2025,1,player_marks,Clayton Oliver,4.0,0.2763990267639905,1
2025,1,player_tackles,Clayton Oliver,3.0,0.8041958041958043,1
2025,1,player_tackles,Clayton Oliver,5.0,0.1990291262135922,1
2025,1,player_disposals,Trent Rivers,15.0,0.7915218902015289,1
2025,1,player_disposals,Trent Rivers,20.0,0.4525627044711014,1
2025,1,player_disposals,Trent Rivers,25.0,0.1788218793828892,1
2025,1,player_goals,Trent Rivers,1.0,0.1922723091076356,0
2025,1,player_marks,Trent Rivers,4.0,0.560294117647059,1
2025,1,player_marks,Trent Rivers,6.0,0.1685678073510773,1
2025,1,player_tackles,Trent Rivers,3.0,0.4124775583482944,0
2025,1,player_tackles,Trent Rivers,5.0,0.056436271401395,0
2025,1,player_disposals,Jack Viney,15.0,0.8986409966024915,1
2025,1,player_disposals,Jack Viney,20.0,0.6043587594300083,1
2025,1,player_disposals,Jack Viney,25.0,0.2836943441636582,1
2025,1,player_goals,Jack Viney,1.0,0.3315240083507306,0
2025,1,player_goals,Jack Viney,2.0,0.0663744520976832,0
2025,1,player_marks,Jack Viney,4.0,0.2285223367697594,1
2025,1,player_tackles,Jack Viney,5.0,0.6719524281466799,0
2025,1,player_disposals,Ed Langdon,15.0,0.7915218902015289,1
2025,1,player_disposals,Ed Langdon,20.0,0.4363207547169811,0
2025,1,player_disposals,Ed Langdon,25.0,0.1690240452616691,0
2025,1,player_goals,Ed Langdon,1.0,0.398749022673964,0
2025,1,player_goals,Ed Langdon,2.0,0.0937612693833393,0
2025,1,player_marks,Ed Langdon,4.0,0.6670862177470107,1
2025,1,player_marks,Ed Langdon,6.0,0.2285223367697594,1
2025,1,player_tackles,Ed Langdon,3.0,0.3066169617893756,0
2025,1,player_disposals,Christian Salem,15.0,0.6296791443850265,1
2025,1,player_disposals,Christian Salem,20.0,0.2836943441636582,1
2025,1,player_disposals,Christian Salem,25.0,0.0960735171261487,1
2025,1,player_goals,Christian Salem,1.0,0.0937612693833393,0
2025,1,player_marks,Christian Salem,4.0,0.5861204013377925,1
2025,1,player_marks,Christian Salem,6.0,0.175,1
2025,1,player_tackles,Christian Salem,3.0,0.3592307692307693,1
2025,1,player_disposals,Max Gawn,15.0,0.6948798328108673,1
2025,1,player_disposals,Max Gawn,20.0,0.2836943441636582,1
2025,1,player_disposals,Max Gawn,25.0,0.0960735171261487,0
2025,1,player_goals,Max Gawn,1.0,0.398749022673964,0
2025,1,player_goals,Max Gawn,2.0,0.0997067448680351,0
2025,1,player_marks,Max Gawn,4.0,0.5861204013377925,0
2025,1,player_marks,Max Gawn,6.0,0.175,0
2025,1,player_tackles,Max Gawn,3.0,0.3282747603833866,0
2025,1,player_disposals,Alex Neal-Bullen,15.0,0.6495238095238095,1
2025,1,player_disposals,Alex Neal-Bullen,20.0,0.2836943441636582,1
2025,1,player_disposals,Alex Neal-Bullen,25.0,0.0960735171261487,0
2025,1,player_goals,Alex Neal-Bullen,1.0,0.3315240083507306,1
2025,1,player_goals,Alex Neal-Bullen,2.0,0.0663744520976832,0
2025,1,player_marks,Alex Neal-Bullen,4.0,0.3886059834500318,0
2025,1,player_marks,Alex Neal-Bullen,6.0,0.077073552425665,0
2025,1,player_tackles,Alex Neal-Bullen,3.0,0.8823529411764706,1
2025,1,player_tackles,Alex Neal-Bullen,5.0,0.3361970217640321,0
2025,1,player_disposals,Tom Green,20.0,0.9555125725338492,1
2025,1,player_disposals,Tom Green,25.0,0.8310626702997275,1
2025,1,player_goals,Tom Green,1.0,0.3488372093023256,1
2025,1,player_goals,Tom Green,2.0,0.0767634854771784,0
2025,1,player_marks,Tom Green,4.0,0.4414545454545454,0
2025,1,player_marks,Tom Green,6.0,0.1195079086115992,0
2025,1,player_tackles,Tom Green,3.0,0.6719524281466799,1
2025,1,player_tackles,Tom Green,5.0,0.1238410596026489,0
2025,1,player_disposals,Lachie Whitfield,20.0,0.9215938303341902,1
2025,1,player_disposals,Lachie Whitfield,25.0,0.76,1
2025,1,player_goals,Lachie Whitfield,1.0,0.1180795847750864,0
2025,1,player_marks,Lachie Whitfield,4.0,0.9012658227848102,1
2025,1,player_marks,Lachie Whitfield,6.0,0.7185430463576158,0
2025,1,player_tackles,Lachie Whitfield,3.0,0.7472527472527473,1
2025,1,player_tackles,Lachie Whitfield,5.0,0.1737068965517241,0
2025,1,player_disposals,Josh Kelly,15.0,0.9555125725338492,1
2025,1,player_disposals,Josh Kelly,20.0,0.7969348659003831,1
2025,1,player_disposals,Josh Kelly,25.0,0.5329512893982808,0
2025,1,player_goals,Josh Kelly,1.0,0.4670704012112036,0
2025,1,player_goals,Josh Kelly,2.0,0.1578073089700996,0
2025,1,player_marks,Josh Kelly,4.0,0.6670862177470107,0
2025,1,player_marks,Josh Kelly,6.0,0.2640664961636828,0
2025,1,player_tackles,Josh Kelly,3.0,0.8,1
2025,1,player_tackles,Josh Kelly,5.0,0.2029537875178656,1
2025,1,player_disposals,Finn Callaghan,15.0,0.9305555555555556,1
2025,1,player_disposals,Finn Callaghan,20.0,0.768,1
2025,1,player_disposals,Finn Callaghan,25.0,0.4840478564307078,1
2025,1,player_goals,Finn Callaghan,1.0,0.1661303298471439,0
2025,1,player_marks,Finn Callaghan,4.0,0.5357757560855667,0
2025,1,player_marks,Finn Callaghan,6.0,0.1299821534800713,0
2025,1,player_tackles,Finn Callaghan,3.0,0.5674676524953789,1
2025,1,player_tackles,Finn Callaghan,5.0,0.0884814667198087,0
2025,1,player_disposals,Stephen Coniglio,15.0,0.7731854838709677,0
2025,1,player_disposals,Stephen Coniglio,20.0,0.4414976599063963,0
2025,1,player_disposals,Stephen Coniglio,25.0,0.1788218793828892,0
2025,1,player_goals,Stephen Coniglio,1.0,0.2342752962625341,1
2025,1,player_marks,Stephen Coniglio,4.0,0.1685678073510773,0
2025,1,player_tackles,Stephen Coniglio,3.0,0.5674676524953789,1
2025,1,player_tackles,Stephen Coniglio,5.0,0.0884814667198087,0
2025,1,player_disposals,Harry Himmelberg,15.0,0.7731854838709677,1
2025,1,player_disposals,Harry Himmelberg,20.0,0.4363207547169811,1
2025,1,player_disposals,Harry Himmelberg,25.0,0.1788218793828892,0
2025,1,player_goals,Harry Himmelberg,1.0,0.0937612693833393,0
2025,1,player_marks,Harry Himmelberg,4.0,0.8704663212435233,1
2025,1,player_marks,Harry Himmelberg,6.0,0.5357757560855667,1
2025,1,player_tackles,Harry Himmelberg,3.0,0.3361970217640321,0
2025,1,player_disposals,Lachie Ash,15.0,0.7731854838709677,1
2025,1,player_disposals,Lachie Ash,20.0,0.4414976599063963,0
2025,1,player_disposals,Lachie Ash,25.0,0.1788218793828892,0
2025,1,player_goals,Lachie Ash,1.0,0.1661303298471439,0
2025,1,player_marks,Lachie Ash,4.0,0.7500000000000001,1
2025,1,player_marks,Lachie Ash,6.0,0.3260680034873583,1
2025,1,player_tackles,Lachie Ash,3.0,0.2603781786568139,0
2025,1,player_disposals,Connor Idun,15.0,0.7209876543209874,0
2025,1,player_disposals,Connor Idun,20.0,0.351890756302521,0
2025,1,player_disposals,Connor Idun,25.0,0.1400795404330535,0
2025,1,player_goals,Connor Idun,1.0,0.0937612693833393,0
2025,1,player_marks,Connor Idun,4.0,0.9012658227848102,1
2025,1,player_marks,Connor Idun,6.0,0.5861204013377925,0
2025,1,player_tackles,Connor Idun,3.0,0.1458333333333333,0
2025,1,player_disposals,Callan Ward,15.0,0.9093959731543624,1
2025,1,player_disposals,Callan Ward,20.0,0.6948798328108673,0
2025,1,player_disposals,Callan Ward,25.0,0.351890756302521,0
2025,1,player_goals,Callan Ward,1.0,0.4670704012112036,0
2025,1,player_goals,Callan Ward,2.0,0.1661303298471439,0
2025,1,player_marks,Callan Ward,4.0,0.8366013071895425,0
2025,1,player_marks,Callan Ward,6.0,0.4667426833903458,0
2025,1,player_tackles,Callan Ward,3.0,0.4888103651354534,0
2025,1,player_tackles,Callan Ward,5.0,0.0786948176583492,0
2025,1,player_disposals,Harry Perryman,15.0,0.6948798328108673,0
2025,1,player_disposals,Harry Perryman,20.0,0.3187710033605377,0
2025,1,player_disposals,Harry Perryman,25.0,0.1304926764314247,0
2025,1,player_goals,Harry Perryman,1.0,0.1499522445081184,0
2025,1,player_marks,Harry Perryman,4.0,0.7943067033976124,0
2025,1,player_marks,Harry Perryman,6.0,0.3886059834500318,0
2025,1,player_tackles,Harry Perryman,3.0,0.3538812785388128,1
2025,1,h2h,West Coast,,0.2030833333333333,0
2025,1,h2h,Gold Coast,,0.7899166666666667,1
2025,1,total_points,total,165.5,0.5024166666666666,1
2025,1,player_disposals,Tim Kelly,15.0,0.9555125725338492,0
2025,1,player_disposals,Tim Kelly,20.0,0.7915218902015289,0
2025,1,player_disposals,Tim Kelly,25.0,0.4840478564307078,0
2025,1,player_goals,Tim Kelly,1.0,0.1888475836431226,0
2025,1,player_marks,Tim Kelly,4.0,0.4103367267032106,0
2025,1,player_marks,Tim Kelly,6.0,0.1008771929824561,0
2025,1,player_tackles,Tim Kelly,3.0,0.9481865284974094,1
2025,1,player_tackles,Tim Kelly,5.0,0.3627906976744186,1
2025,1,player_disposals,Liam Duggan,15.0,0.76,1
2025,1,player_disposals,Liam Duggan,20.0,0.3836553945249599,1
2025,1,player_disposals,Liam Duggan,25.0,0.150253807106599,0
2025,1,player_goals,Liam Duggan,1.0,0.1180795847750864,0
2025,1,player_marks,Liam Duggan,4.0,0.8366013071895425,1
2025,1,player_marks,Liam Duggan,6.0,0.4667426833903458,0
2025,1,player_tackles,Liam Duggan,3.0,0.4613997113997114,1
2025,1,player_tackles,Liam Duggan,5.0,0.0626334519572953,0
2025,1,player_disposals,Jeremy McGovern,15.0,0.8620689655172413,1
2025,1,player_disposals,Jeremy McGovern,20.0,0.5258620689655172,0
2025,1,player_disposals,Jeremy McGovern,25.0,0.2287414965986394,0
2025,1,player_goals,Jeremy McGovern,1.0,0.1922723091076356,0
2025,1,player_marks,Jeremy McGovern,4.0,0.8704663212435233,0
2025,1,player_marks,Jeremy McGovern,6.0,0.5357757560855667,0
2025,1,player_tackles,Jeremy McGovern,3.0,0.1458333333333333,0
2025,1,player_disposals,Harley Reid,15.0,0.7209876543209874,0
2025,1,player_disposals,Harley Reid,20.0,0.3515358361774744,0
2025,1,player_disposals,Harley Reid,25.0,0.1400795404330535,0
2025,1,player_goals,Harley Reid,1.0,0.3315240083507306,1
2025,1,player_goals,Harley Reid,2.0,0.0663744520976832,0
2025,1,player_marks,Harley Reid,4.0,0.3049114933931688,0
2025,1,player_marks,Harley Reid,6.0,0.0735455543358945,0
2025,1,player_tackles,Harley Reid,3.0,0.8484419263456091,0
2025,1,player_tackles,Harley Reid,5.0,0.2603781786568139,0
2025,1,player_disposals,Jayden Hunt,15.0,0.6495238095238095,0
2025,1,player_disposals,Jayden Hunt,20.0,0.2836943441636582,0
2025,1,player_disposals,Jayden Hunt,25.0,0.0960735171261487,0
2025,1,player_goals,Jayden Hunt,1.0,0.1180795847750864,0
2025,1,player_marks,Jayden Hunt,4.0,0.6266601082144612,0
2025,1,player_marks,Jayden Hunt,6.0,0.2285223367697594,0
2025,1,player_tackles,Jayden Hunt,3.0,0.2603781786568139,0
2025,1,player_disposals,Reuben Ginbey,15.0,0.6296791443850265,1
2025,1,player_disposals,Reuben Ginbey,20.0,0.2836943441636582,0
2025,1,player_disposals,Reuben Ginbey,25.0,0.0927927927927927,0
2025,1,player_goals,Reuben Ginbey,1.0,0.1177446102819237,0
2025,1,player_marks,Reuben Ginbey,4.0,0.3886059834500318,0
2025,1,player_marks,Reuben Ginbey,6.0,0.077073552425665,0
2025,1,player_tackles,Reuben Ginbey,3.0,0.5674676524953789,1
2025,1,player_tackles,Reuben Ginbey,5.0,0.0884814667198087,0
2025,1,player_disposals,Tom Cole,15.0,0.5258620689655172,1
2025,1,player_disposals,Tom Cole,20.0,0.2048872180451127,0
2025,1,player_disposals,Tom Cole,25.0,0.0723192019950124,0
2025,1,player_goals,Tom Cole,1.0,0.0937612693833393,0
2025,1,player_marks,Tom Cole,4.0,0.7165775401069518,1
2025,1,player_marks,Tom Cole,6.0,0.2763990267639905,1
2025,1,player_tackles,Tom Cole,3.0,0.6020025031289111,1
2025,1,player_tackles,Tom Cole,5.0,0.0884814667198087,0
2025,1,player_disposals,Noah Anderson,20.0,0.9137466307277629,1
2025,1,player_disposals,Noah Anderson,25.0,0.7209876543209874,1
2025,1,player_goals,Noah Anderson,1.0,0.4644464446444644,0
2025,1,player_goals,Noah Anderson,2.0,0.1499522445081184,0
2025,1,player_marks,Noah Anderson,4.0,0.8366013071895425,0
2025,1,player_marks,Noah Anderson,6.0,0.4460431654676259,0
2025,1,player_tackles,Noah Anderson,3.0,0.5797101449275363,1
2025,1,player_tackles,Noah Anderson,5.0,0.0884814667198087,1
2025,1,player_disposals,Touk Miller,15.0,0.9305555555555556,1
2025,1,player_disposals,Touk Miller,20.0,0.7440068493150686,1
2025,1,player_disposals,Touk Miller,25.0,0.4659090909090909,1
2025,1,player_goals,Touk Miller,1.0,0.3527575442247658,1
2025,1,player_goals,Touk Miller,2.0,0.0937612693833393,1
2025,1,player_marks,Touk Miller,4.0,0.4414545454545454,1
2025,1,player_marks,Touk Miller,6.0,0.1195079086115992,0
2025,1,player_tackles,Touk Miller,3.0,0.8041958041958043,0
2025,1,player_tackles,Touk Miller,5.0,0.2029537875178656,0
2025,1,player_disposals,Matt Rowell,15.0,0.9032258064516128,1
2025,1,player_disposals,Matt Rowell,20.0,0.6495238095238095,1
2025,1,player_disposals,Matt Rowell,25.0,0.3258196721311475,1
2025,1,player_goals,Matt Rowell,1.0,0.3315240083507306,0
2025,1,player_goals,Matt Rowell,2.0,0.0767634854771784,0
2025,1,player_marks,Matt Rowell,4.0,0.2038369304556354,0
2025,1,player_tackles,Matt Rowell,5.0,0.8041958041958043,1
2025,1,player_disposals,Alex Sexton,15.0,0.7044534412955465,0
2025,1,player_disposals,Alex Sexton,20.0,0.3353242320819113,0
2025,1,player_disposals,Alex Sexton,25.0,0.1400795404330535,0
2025,1,player_goals,Alex Sexton,1.0,0.3527575442247658,0
2025,1,player_goals,Alex Sexton,2.0,0.0937612693833393,0
2025,1,player_marks,Alex Sexton,4.0,0.7722586691658857,0
2025,1,player_marks,Alex Sexton,6.0,0.3653250773993808,0
2025,1,player_tackles,Alex Sexton,3.0,0.3066169617893756,0
2025,1,player_disposals,Wil Powell,15.0,0.7209876543209874,0
2025,1,player_disposals,Wil Powell,20.0,0.3836553945249599,0
2025,1,player_disposals,Wil Powell,25.0,0.150253807106599,0
2025,1,player_goals,Wil Powell,1.0,0.2360801781737193,0
2025,1,player_marks,Wil Powell,4.0,0.8366013071895425,1
2025,1,player_marks,Wil Powell,6.0,0.4460431654676259,0
2025,1,player_tackles,Wil Powell,3.0,0.3282747603833866,1
2025,1,player_disposals,Lachie Weller,15.0,0.7209876543209874,1
2025,1,player_disposals,Lachie Weller,20.0,0.3353242320819113,1
2025,1,player_disposals,Lachie Weller,25.0,0.1400795404330535,0
2025,1,player_goals,Lachie Weller,1.0,0.3814935064935065,0
2025,1,player_goals,Lachie Weller,2.0,0.0937612693833393,0
2025,1,player_marks,Lachie Weller,4.0,0.5973534971644613,0
2025,1,player_marks,Lachie Weller,6.0,0.1816109422492401,0
2025,1,player_tackles,Lachie Weller,3.0,0.3627906976744186,1
2025,1,player_disposals,Joel Jeffrey,15.0,0.4064070351758794,1
2025,1,player_disposals,Joel Jeffrey,20.0,0.150253807106599,1
2025,1,player_goals,Joel Jeffrey,1.0,0.2460152460152459,0
2025,1,player_marks,Joel Jeffrey,4.0,0.3886059834500318,1
2025,1,player_marks,Joel Jeffrey,6.0,0.077073552425665,0
2025,1,player_tackles,Joel Jeffrey,3.0,0.0884814667198087,1
2025,1,player_disposals,Sam Clohesy,15.0,0.6043587594300083,0
2025,1,player_disposals,Sam Clohesy,20.0,0.2287414965986394,0
2025,1,player_disposals,Sam Clohesy,25.0,0.0798502807236431,0
2025,1,player_goals,Sam Clohesy,1.0,0.2332822868810617,0
2025,1,player_marks,Sam Clohesy,4.0,0.5861204013377925,0
2025,1,player_marks,Sam Clohesy,6.0,0.1816109422492401,0
2025,1,player_tackles,Sam Clohesy,3.0,0.3282747603833866,0
